,bin,total,correct,accuracy
0,0-16k,145,63,0.43448275862068964
1,16k-32k,435,203,0.4666666666666667
2,32k-64k,340,147,0.4323529411764706
3,>64k,1595,614,0.3849529780564263
