,bin,total,correct,accuracy
0,0-16k,29,14,0.4827586206896552
1,16k-32k,87,40,0.45977011494252873
2,32k-64k,68,37,0.5441176470588235
3,>64k,319,103,0.322884012539185
