,bin,total,correct,accuracy
0,0-16k,29,9,0.3103448275862069
1,16k-32k,87,28,0.3218390804597701
2,32k-64k,68,16,0.23529411764705882
3,>64k,319,83,0.2601880877742947
