,bin,total,correct,accuracy
0,0-16k,145,51,0.35172413793103446
1,16k-32k,435,183,0.4206896551724138
2,32k-64k,340,166,0.48823529411764705
3,>64k,1595,511,0.3203761755485893
