,bin,total,correct,accuracy
0,0-16k,29,10,0.3448275862068966
1,16k-32k,87,41,0.47126436781609193
2,32k-64k,68,32,0.47058823529411764
3,>64k,319,89,0.27899686520376177
