bin,total,correct,accuracy
0-16k,305,78,0.25573770491803277
16k-32k,270,35,0.12962962962962962
32k-48k,290,26,0.0896551724137931
48k-64k,135,2,0.014814814814814815
