bin,total,correct,accuracy
0-16k,61,34,0.5573770491803278
16k-32k,54,19,0.35185185185185186
32k-48k,58,29,0.5
48k-64k,27,7,0.25925925925925924
