bin,total,correct,accuracy
0-16k,305,213,0.6983606557377049
16k-32k,270,128,0.4740740740740741
32k-48k,290,183,0.6310344827586207
48k-64k,135,60,0.4444444444444444
