bin,total,correct,accuracy
0-16k,305,192,0.6295081967213115
16k-32k,270,97,0.3592592592592593
32k-48k,290,174,0.6
48k-64k,135,58,0.42962962962962964
