bin,total,correct,accuracy
0-16k,305,212,0.6950819672131148
16k-32k,270,149,0.5518518518518518
32k-48k,290,197,0.6793103448275862
48k-64k,135,76,0.562962962962963
