bin,total,correct,accuracy
0-16k,305,201,0.659016393442623
16k-32k,270,130,0.48148148148148145
32k-48k,290,189,0.6517241379310345
48k-64k,135,66,0.4888888888888889
