bin,total,correct,accuracy
0-16k,61,35,0.5737704918032787
16k-32k,54,24,0.4444444444444444
32k-48k,58,37,0.6379310344827587
48k-64k,27,13,0.48148148148148145
