bin,total,correct,accuracy
0-16k,61,34,0.5573770491803278
16k-32k,54,22,0.4074074074074074
32k-48k,58,31,0.5344827586206896
48k-64k,27,10,0.37037037037037035
