bin,total,correct,accuracy
0-16k,305,189,0.6196721311475409
16k-32k,270,107,0.3962962962962963
32k-48k,290,173,0.596551724137931
48k-64k,135,44,0.32592592592592595
