,bin,total,correct,accuracy
0,0-16k,29,15,0.5172413793103449
1,16k-32k,87,35,0.40229885057471265
2,32k-64k,68,21,0.3088235294117647
3,>64k,319,86,0.26959247648902823
