,bin,total,correct,accuracy
0,0-16k,29,14,0.4827586206896552
1,16k-32k,87,37,0.42528735632183906
2,32k-64k,68,35,0.5147058823529411
3,>64k,319,111,0.34796238244514105
