,bin,total,correct,accuracy
0,0-16k,29,12,0.41379310344827586
1,16k-32k,87,39,0.4482758620689655
2,32k-64k,68,29,0.4264705882352941
3,>64k,319,133,0.4169278996865204
