,bin,total,correct,accuracy
0,0-16k,145,68,0.4689655172413793
1,16k-32k,435,219,0.503448275862069
2,32k-64k,340,190,0.5588235294117647
3,>64k,1595,549,0.34420062695924764
