,bin,total,correct,accuracy
0,0-16k,145,58,0.4
1,16k-32k,435,184,0.42298850574712643
2,32k-64k,340,111,0.3264705882352941
3,>64k,1595,535,0.335423197492163
