,bin,total,correct,accuracy
0,0-16k,29,11,0.3793103448275862
1,16k-32k,87,37,0.42528735632183906
2,32k-64k,68,24,0.35294117647058826
3,>64k,319,110,0.3448275862068966
